{"text": " Performing a series of illusions for us tonight, Magic Mike!", "segments": [{"id": 0, "seek": 0, "start": 0.0, "end": 3.46, "text": " Performing a series of illusions for us tonight, Magic Mike!", "tokens": [50365, 19351, 278, 257, 2638, 295, 49836, 337, 505, 4440, 11, 16154, 6602, 0, 50538], "temperature": 0.0, "avg_logprob": -0.2378886342048645, "compression_ratio": 0.9375, "no_speech_prob": 2.621190244023186e-11}], "language": "English"}